{"p2p_backpressure_inv_to_req_payload":{"mean":1268173690.6666667,"p50":1300146713.5,"p95_approx":1380077298.0091782,"stddev":68026509.02280337},"p2p_batch_headers_inv_rr":{"mean":801771.1048412698,"n":62,"outliers_mild":4,"outliers_severe":1,"p50":778272.6777777778,"p95":1480253.0,"p95_excl_timeouts":1480253.0,"stddev":152706.79772199653,"timeout_rate":0.0},"p2p_dedupe_ttl_payload_inv":{"mean":1201370066.6,"n":11,"outliers_mild":0,"outliers_severe":0,"p50":1201210961.5,"p95":1202596991.0,"p95_excl_timeouts":1202596991.0,"stddev":699715.9954100744,"timeout_rate":0.0},"p2p_header_announce_gossip":{"mean":21785025.164126985,"n":62,"outliers_mild":1,"outliers_severe":1,"p50":21614935.708333336,"p95":22643358.0,"p95_excl_timeouts":22643358.0,"stddev":487826.2448349963,"timeout_rate":0.0},"p2p_header_announce_gossip_hb_1s":{"mean":31717275.08246032,"n":62,"outliers_mild":3,"outliers_severe":0,"p50":31768825.742857143,"p95":32460624.0,"p95_excl_timeouts":32460624.0,"stddev":249248.4648953034,"timeout_rate":0.0},"p2p_header_announce_gossip_relaxed":{"mean":21514528.80404762,"n":62,"outliers_mild":1,"outliers_severe":0,"p50":21701733.67857143,"p95":22379000.0,"p95_excl_timeouts":22379000.0,"stddev":454626.67772635753,"timeout_rate":0.0},"p2p_inv_to_req_headers_missing":{"mean":34389.77697271135,"p50":34454.44512476737,"p95_approx":37466.62980850303,"stddev":1870.427255800412},"p2p_inv_to_req_payload_missing":{"mean":31291.31079241082,"p50":30545.59936842376,"p95_approx":34183.70544385274,"stddev":1758.2946209373376},"p2p_libp2p_e2e_inv_to_resp_headers":{"mean":272032.09310994914,"n":72431,"outliers_mild":3781,"outliers_severe":1931,"p50":271718.50941780827,"p95":415936.0,"p95_excl_timeouts":415936.0,"stddev":4679.07549783304,"timeout_rate":0.0},"p2p_libp2p_e2e_inv_to_resp_headers_gossip":{"mean":650929.434186508,"n":117,"outliers_mild":6,"outliers_severe":2,"p50":588599.4,"p95":960618.0,"p95_excl_timeouts":960618.0,"stddev":108519.43313030552,"timeout_rate":0.0},"p2p_libp2p_e2e_inv_to_resp_payloads":{"mean":384000.1325992063,"n":117,"outliers_mild":6,"outliers_severe":0,"p50":362608.8428571429,"p95":515907.0,"p95_excl_timeouts":515907.0,"stddev":63181.50380626596,"timeout_rate":0.0},"p2p_libp2p_e2e_inv_to_resp_payloads_gossip":{"mean":631963.3573412698,"n":117,"outliers_mild":3,"outliers_severe":3,"p50":561667.4047619047,"p95":954119.0,"p95_excl_timeouts":954119.0,"stddev":133192.38770478035,"timeout_rate":0.0},"p2p_libp2p_rpc_get_headers":{"mean":417460.09585317463,"n":117,"outliers_mild":3,"outliers_severe":1,"p50":416584.34375,"p95":664294.0,"p95_excl_timeouts":664294.0,"stddev":65155.56393373423,"timeout_rate":0.0},"p2p_libp2p_rpc_get_payloads":{"mean":439109.8148809524,"n":117,"outliers_mild":5,"outliers_severe":1,"p50":421235.9375,"p95":750000.0,"p95_excl_timeouts":750000.0,"stddev":58481.773751736,"timeout_rate":0.0},"p2p_quic_rpc_warm_get_headers":{"mean":298961.79815476196,"n":117,"outliers_mild":0,"outliers_severe":0,"p50":284746.725,"p95":497128.0,"p95_excl_timeouts":497128.0,"stddev":62703.321698128,"timeout_rate":0.0},"p2p_quic_rpc_warm_get_payloads":{"mean":319948.61684523814,"n":117,"outliers_mild":5,"outliers_severe":1,"p50":302783.0,"p95":562425.0,"p95_excl_timeouts":562425.0,"stddev":90318.86810005557,"timeout_rate":0.0},"p2p_ratelimit_inv_to_req_1rps":{"mean":853152170.175,"p50":853063317.0,"p95_approx":857198833.8445492,"stddev":2459977.9146196004},"p2p_rpc_cold_start_get_headers":{"mean":1844057.195371074,"n":6193,"outliers_mild":184,"outliers_severe":57,"p50":1834604.3111702127,"p95":2279771.0,"p95_excl_timeouts":2279771.0,"stddev":48384.435599711695,"timeout_rate":0.0},"p2p_rpc_notfound_headers":{"mean":537410.3579365078,"n":62,"outliers_mild":1,"outliers_severe":2,"p50":499688.4583333334,"p95":788673.0,"p95_excl_timeouts":788673.0,"stddev":198988.69548946532,"timeout_rate":0.0},"p2p_rpc_parallel_get_payloads_8":{"mean":910150.0776190476,"n":62,"outliers_mild":2,"outliers_severe":0,"p50":864712.3666666667,"p95":1235694.0,"p95_excl_timeouts":1235694.0,"stddev":198992.9856111371,"timeout_rate":0.0},"p2p_rpc_payload_size_sweep":{"mean":2358581.558690476,"n":125,"outliers_mild":15,"outliers_severe":13,"p50":2487436.5267857146,"p95":7357370.0,"p95_excl_timeouts":7357370.0,"stddev":558507.8601469306,"timeout_rate":0.0},"p2p_rpc_retry_get_headers":{"mean":2553656653.4,"p50":2553407464.0,"p95_approx":2554910245.626256,"stddev":762062.1436205843,"timeouts":11},"p2p_rpc_warm_start_get_headers":{"mean":455952.1317063492,"n":125,"outliers_mild":5,"outliers_severe":1,"p50":410584.375,"p95":648386.0,"p95_excl_timeouts":648386.0,"stddev":123772.2585576497,"timeout_rate":0.0},"p2p_two_hop_headers_gossip":{"mean":801203253.0,"p50":801145860.5,"p95_approx":801719876.9289688,"stddev":314057.0996770421,"timeouts":11}}