{"mean":{"confidence_interval":{"confidence_level":0.95,"lower_bound":1019735.7910523519,"upper_bound":1044729.9825607918},"point_estimate":1031968.5577286467,"standard_error":6383.002768863335},"median":{"confidence_interval":{"confidence_level":0.95,"lower_bound":981876.4057697153,"upper_bound":1031067.7162162162},"point_estimate":989707.0679745786,"standard_error":11722.537280653163},"median_abs_dev":{"confidence_interval":{"confidence_level":0.95,"lower_bound":6377.317768684022,"upper_bound":78808.52224764324},"point_estimate":17928.16010937602,"standard_error":16999.226807710507},"slope":{"confidence_interval":{"confidence_level":0.95,"lower_bound":988966.0970758077,"upper_bound":1000690.1508211702},"point_estimate":994171.9351795478,"standard_error":3005.480151840135},"std_dev":{"confidence_interval":{"confidence_level":0.95,"lower_bound":56392.63265117444,"upper_bound":72508.25381147969},"point_estimate":64457.805914389144,"standard_error":4131.361043287988}}