{"mean":{"confidence_interval":{"confidence_level":0.95,"lower_bound":69941.19622015882,"upper_bound":70106.39892036664},"point_estimate":70014.13451546771,"standard_error":42.38781904174952},"median":{"confidence_interval":{"confidence_level":0.95,"lower_bound":69902.02129079698,"upper_bound":69939.36159309995},"point_estimate":69917.12222222223,"standard_error":9.32148755478473},"median_abs_dev":{"confidence_interval":{"confidence_level":0.95,"lower_bound":49.930615192274026,"upper_bound":88.19368630757273},"point_estimate":62.21247821367333,"standard_error":9.78439350665893},"slope":{"confidence_interval":{"confidence_level":0.95,"lower_bound":69930.01187147544,"upper_bound":70056.55847052111},"point_estimate":69983.68599871927,"standard_error":32.78851615286609},"std_dev":{"confidence_interval":{"confidence_level":0.95,"lower_bound":194.48711277893116,"upper_bound":613.0029704422723},"point_estimate":425.55677293300056,"standard_error":110.79689620410662}}