{"p2p_backpressure_inv_to_req_payload":{"mean":1303773535.6666667,"p50":1302214151.75,"p95_approx":1321391534.0895467,"stddev":10710029.436401203},"p2p_batch_headers_inv_rr":{"mean":734055.8929166666,"n":117,"outliers_mild":6,"outliers_severe":4,"p50":682190.09375,"p95":1481115.0,"p95_excl_timeouts":1481115.0,"stddev":106820.95144055683,"timeout_rate":0.0},"p2p_dedupe_ttl_payload_inv":{"mean":1201503668.4,"n":11,"outliers_mild":1,"outliers_severe":0,"p50":1201498848.0,"p95":1202901541.0,"p95_excl_timeouts":1202901541.0,"stddev":701591.8106918168,"timeout_rate":0.0},"p2p_header_announce_gossip":{"mean":22353826.42015873,"n":62,"outliers_mild":0,"outliers_severe":0,"p50":22195331.095238097,"p95":23572508.0,"p95_excl_timeouts":23572508.0,"stddev":723780.1299496756,"timeout_rate":0.0},"p2p_header_announce_gossip_hb_1s":{"mean":32235098.874464285,"n":117,"outliers_mild":0,"outliers_severe":0,"p50":32104287.05,"p95":33783625.0,"p95_excl_timeouts":33783625.0,"stddev":417576.4392297032,"timeout_rate":0.0},"p2p_header_announce_gossip_relaxed":{"mean":22083484.98857143,"n":62,"outliers_mild":0,"outliers_severe":0,"p50":22287301.333333336,"p95":23564542.0,"p95_excl_timeouts":23564542.0,"stddev":513083.0171704976,"timeout_rate":0.0},"p2p_inv_to_req_headers_missing":{"mean":34217.72995563792,"p50":34232.53845395135,"p95_approx":35041.13893485528,"stddev":500.55257095279904},"p2p_inv_to_req_payload_missing":{"mean":32687.13773354921,"p50":32442.39557797072,"p95_approx":33649.08407654151,"stddev":584.7698133691786},"p2p_libp2p_e2e_inv_to_resp_headers":{"mean":269278.77048990125,"n":77436,"outliers_mild":2882,"outliers_severe":5753,"p50":268576.82799841143,"p95":461171.0,"p95_excl_timeouts":461171.0,"stddev":8154.800896907331,"timeout_rate":0.0},"p2p_libp2p_e2e_inv_to_resp_headers_gossip":{"mean":681076.1219047619,"n":117,"outliers_mild":6,"outliers_severe":2,"p50":672566.3333333333,"p95":1267556.0,"p95_excl_timeouts":1267556.0,"stddev":64090.38469905098,"timeout_rate":0.0},"p2p_libp2p_e2e_inv_to_resp_payloads":{"mean":404787.00424603175,"n":117,"outliers_mild":4,"outliers_severe":4,"p50":394474.1666666667,"p95":647861.0,"p95_excl_timeouts":647861.0,"stddev":55464.41630232831,"timeout_rate":0.0},"p2p_libp2p_e2e_inv_to_resp_payloads_gossip":{"mean":692392.4076587302,"n":117,"outliers_mild":4,"outliers_severe":4,"p50":644791.0305555556,"p95":1169128.0,"p95_excl_timeouts":1169128.0,"stddev":155237.14703002633,"timeout_rate":0.0},"p2p_libp2p_rpc_get_headers":{"mean":441564.7686507937,"n":117,"outliers_mild":7,"outliers_severe":4,"p50":421059.2083333334,"p95":706126.0,"p95_excl_timeouts":706126.0,"stddev":163584.14029917202,"timeout_rate":0.0},"p2p_libp2p_rpc_get_payloads":{"mean":389194.35289682535,"n":117,"outliers_mild":5,"outliers_severe":2,"p50":371414.2,"p95":579455.0,"p95_excl_timeouts":579455.0,"stddev":91571.92909221258,"timeout_rate":0.0},"p2p_quic_rpc_warm_get_headers":{"mean":298961.79815476196,"n":117,"outliers_mild":0,"outliers_severe":0,"p50":284746.725,"p95":497128.0,"p95_excl_timeouts":497128.0,"stddev":62703.321698128,"timeout_rate":0.0},"p2p_quic_rpc_warm_get_payloads":{"mean":319948.61684523814,"n":117,"outliers_mild":5,"outliers_severe":1,"p50":302783.0,"p95":562425.0,"p95_excl_timeouts":562425.0,"stddev":90318.86810005557,"timeout_rate":0.0},"p2p_ratelimit_inv_to_req_1rps":{"mean":851844418.075,"p50":851674353.75,"p95_approx":857880288.4431247,"stddev":3669222.108282453},"p2p_rpc_cold_start_get_headers":{"mean":2119189.8626400987,"n":10042,"outliers_mild":394,"outliers_severe":49,"p50":1889238.2996697156,"p95":2522670.0,"p95_excl_timeouts":2522670.0,"stddev":652688.7548976706,"timeout_rate":0.00009957184108334163,"timeouts":1},"p2p_rpc_notfound_headers":{"mean":512455.9275198413,"n":117,"outliers_mild":0,"outliers_severe":1,"p50":473593.56111111114,"p95":777410.0,"p95_excl_timeouts":777410.0,"stddev":193663.5253053291,"timeout_rate":0.0},"p2p_rpc_parallel_get_payloads_8":{"mean":865123.7710714287,"n":117,"outliers_mild":2,"outliers_severe":7,"p50":804396.3333333333,"p95":1511751.0,"p95_excl_timeouts":1511751.0,"stddev":274208.52490568307,"timeout_rate":0.0},"p2p_rpc_payload_size_sweep":{"mean":2214798.457962963,"n":180,"outliers_mild":25,"outliers_severe":15,"p50":2225545.537037037,"p95":7046250.0,"p95_excl_timeouts":7046250.0,"stddev":220581.71192674089,"timeout_rate":0.0},"p2p_rpc_retry_get_headers":{"mean":2557702356.5,"p50":2554916711.0,"p95_approx":2572103136.050035,"stddev":8754273.282696048,"timeouts":11},"p2p_rpc_warm_start_get_headers":{"mean":416676.29291005287,"n":180,"outliers_mild":12,"outliers_severe":4,"p50":369973.47222222225,"p95":774478.0,"p95_excl_timeouts":774478.0,"stddev":126582.21469384537,"timeout_rate":0.0},"p2p_two_hop_headers_gossip":{"mean":801697292.0,"p50":801613237.5,"p95_approx":802781166.667909,"stddev":658890.3756286018,"timeouts":11}}