{"mean":{"confidence_interval":{"confidence_level":0.95,"lower_bound":415432.2973361564,"upper_bound":416679.95591918},"point_estimate":415928.55357519275,"standard_error":326.34322488008166},"median":{"confidence_interval":{"confidence_level":0.95,"lower_bound":415199.6778723404,"upper_bound":415356.61842105264},"point_estimate":415275.6184343434,"standard_error":39.74039620531823},"median_abs_dev":{"confidence_interval":{"confidence_level":0.95,"lower_bound":254.27137417013023,"upper_bound":436.12821530378017},"point_estimate":336.0098626300483,"standard_error":45.33302768564907},"slope":{"confidence_interval":{"confidence_level":0.95,"lower_bound":415449.625483427,"upper_bound":418248.0087282267},"point_estimate":416428.65021920105,"standard_error":797.1108969305427},"std_dev":{"confidence_interval":{"confidence_level":0.95,"lower_bound":737.2689840321909,"upper_bound":5340.186842758871},"point_estimate":3279.2141359620955,"standard_error":1352.6658323192019}}