{"mean":{"confidence_interval":{"confidence_level":0.95,"lower_bound":69352.96026261586,"upper_bound":69473.73798818914},"point_estimate":69400.9898388535,"standard_error":31.778804141829305},"median":{"confidence_interval":{"confidence_level":0.95,"lower_bound":69341.29354340439,"upper_bound":69369.82437275986},"point_estimate":69357.70533333335,"standard_error":7.62478137723434},"median_abs_dev":{"confidence_interval":{"confidence_level":0.95,"lower_bound":48.82685582506867,"upper_bound":82.91452301540096},"point_estimate":68.07678476422048,"standard_error":8.763043247754604},"slope":{"confidence_interval":{"confidence_level":0.95,"lower_bound":69338.65567125627,"upper_bound":69384.00887603343},"point_estimate":69359.60462597902,"standard_error":11.53540139521194},"std_dev":{"confidence_interval":{"confidence_level":0.95,"lower_bound":92.45132960546212,"upper_bound":521.7349234612163},"point_estimate":320.04940710688606,"standard_error":135.5020663596476}}